"" ;"weight";"sick";"age"
"1";164.712897470767;"0";37.3692471347749
"2";158.579168646248;"0";20.0909807253629
"3";276.355380070659;"1";53.3876855485141
"4";304.074394567736;"1";53.2033186499029
"5";295.364547887257;"1";58.2787127140909
"6";303.468771341795;"1";57.939882921055
"7";202.51170372208;"0";44.0291990246624
"8";131.390576765557;"0";30.4722961969674
"9";267.855727748677;"1";45.7213700283319
"10";185.908263574036;"1";41.0493402834982
